mmsi,brokenCount,count,judgedBrokenDT
311018600,0,0,0
310550000,0,0,0
671609000,0,0,0
352044000,0,0,0
372409000,0,0,0
355530000,0,0,0
533194000,0,0,0
352092000,0,0,0
538001696,0,0,0
564364000,0,0,0
372480000,0,0,0
671611000,0,0,0
538004042,0,0,0
357361000,0,0,0
432701000,0,0,0
371343000,0,0,0
477211600,0,0,0
235100007,0,0,0
248350000,0,0,0
564190000,0,0,0
636015476,0,0,0
373408000,0,0,0
416122000,0,0,0
209765000,0,0,0
352744000,0,0,0
356462000,0,0,0
351962000,0,0,0
414733000,0,0,0
564821000,0,0,0
440332000,0,0,0
235086166,0,0,0
370701000,0,0,0
305311000,0,0,0
373804000,0,0,0
357673000,0,0,0
351818000,0,0,0
477218300,0,0,0
431501759,0,0,0
412536000,0,0,0
372135000,0,0,0
477435500,0,0,0
477188100,0,0,0
564640000,0,0,0
371971000,0,0,0
412769000,0,0,0
413977000,0,0,0
371440000,0,0,0
255805685,0,0,0
356150000,0,0,0
565382000,0,0,0
477560600,0,0,0
352520000,0,0,0
477427900,0,0,0
255805554,0,0,0
477193100,0,0,0
311032500,0,0,0
432823000,0,0,0
308273000,0,0,0
373133000,0,0,0
373217000,0,0,0
563164000,0,0,0
413453290,0,0,0
538003539,0,0,0
563817000,0,0,0
477235000,0,0,0
241265000,0,0,0
431680236,0,0,0
352060000,0,0,0
354194000,0,0,0
431104000,0,0,0
533747000,0,0,0
636015871,0,0,0
431680213,0,0,0
371096000,0,0,0
563119000,0,0,0
357039000,0,0,0
533004410,0,0,0
431680233,0,0,0
564776000,0,0,0
431083000,0,0,0
431680228,0,0,0
646016479,0,0,0
367276000,0,0,0
353057000,0,0,0
431100871,0,0,0
371623000,0,0,0
355433000,0,0,0
351639000,0,0,0
431000161,0,0,0
431400281,0,0,0
356344000,0,0,0
308937000,0,0,0
373355000,0,0,0
431680175,0,0,0
352430000,0,0,0
538006365,0,0,0
431600163,0,0,0
356076000,0,0,0
369323000,0,0,0
538005444,0,0,0
431600668,0,0,0
431500104,0,0,0
431004833,0,0,0
311000014,0,0,0
431000585,0,0,0
431001070,0,0,0
305228000,0,0,0
431600179,0,0,0
352932000,0,0,0
355514000,0,0,0
431501865,0,0,0
538003616,0,0,0
431001417,0,0,0
566274000,0,0,0
431528000,0,0,0
431601973,0,0,0
311000187,0,0,0
477766300,0,0,0
371977000,0,0,0
566460000,0,0,0
431005296,0,0,0
477686100,0,0,0
431200090,0,0,0
413455950,0,0,0
431002313,0,0,0
372666000,0,0,0
249644000,0,0,0
441935000,0,0,0
352165000,0,0,0
538004654,0,0,0
305131000,0,0,0
538006146,0,0,0
667003053,0,0,0
431601546,0,0,0
212289000,0,0,0
431400588,0,0,0
440162000,0,0,0
432723000,0,0,0
431000568,0,0,0
373446000,0,0,0
431004976,0,0,0
431002306,0,0,0
538005226,0,0,0
431601677,0,0,0
431004417,0,0,0
431005643,0,0,0
440993000,0,0,0
565629000,0,0,0
373418000,0,0,0
432995000,0,0,0
441158000,0,0,0
370434000,0,0,0
355179000,0,0,0
431003009,0,0,0
311594000,0,0,0
431601989,0,0,0
413364020,0,0,0
477698400,0,0,0
564211000,0,0,0
357611000,0,0,0
432938000,0,0,0
533808000,0,0,0
431004751,0,0,0
431002005,0,0,0
431601056,0,0,0
636091279,0,0,0
431301549,0,0,0
636013121,0,0,0
566104000,0,0,0
564993000,0,0,0
565385000,0,0,0
431005389,0,0,0
538004740,0,0,0
209863000,0,0,0
431006221,0,0,0
311004400,0,0,0
431800035,0,0,0
353349000,0,0,0
355662000,0,0,0
371263000,0,0,0
370391000,0,0,0
431319000,0,0,0
356768000,0,0,0
431601454,0,0,0
431005098,0,0,0
477397500,0,0,0
431600639,0,0,0
319913000,0,0,0
236546000,0,0,0
636015131,0,0,0
431200703,0,0,0
440068000,0,0,0
431005904,0,0,0
431400924,0,0,0
477016600,0,0,0
353892000,0,0,0
431005207,0,0,0
372995000,0,0,0
440505000,0,0,0
355131000,0,0,0
370118000,0,0,0
431300462,0,0,0
431680222,0,0,0
352608000,0,0,0
431600459,0,0,0
431400992,0,0,0
431153000,0,0,0
372402000,0,0,0
440244000,0,0,0
431200516,0,0,0
432915000,0,0,0
636014129,0,0,0
371862000,0,0,0
431601235,0,0,0
431004469,0,0,0
431006711,0,0,0
431300065,0,0,0
431400918,0,0,0
533000996,0,0,0
431901000,0,0,0
431005844,0,0,0
431006394,0,0,0
431002209,0,0,0
431602345,0,0,0
431600621,0,0,0
636092387,0,0,0
431586000,0,0,0
431700137,0,0,0
431000224,0,0,0
356570000,0,0,0
636091083,0,0,0
565126000,0,0,0
354051000,0,0,0
515918000,0,0,0
311691000,0,0,0
440738000,0,0,0
477585300,0,0,0
477738300,0,0,0
412076010,0,0,0
431400021,0,0,0
432294000,0,0,0
564095000,0,0,0
351376000,0,0,0
440107000,0,0,0
257014000,0,0,0
373559000,0,0,0
431501774,0,0,0
431000221,0,0,0
431601158,0,0,0
413357420,0,0,0
371523000,0,0,0
477203700,0,0,0
431301121,0,0,0
431301684,0,0,0
431602082,0,0,0
563491000,0,0,0
636092198,0,0,0
565131000,0,0,0
308372000,0,0,0
441544000,0,0,0
431174000,0,0,0
431002936,0,0,0
431002286,0,0,0
431005885,0,0,0
431000548,0,0,0
477006600,0,0,0
636091745,0,0,0
477815800,0,0,0
431003061,0,0,0
431005421,0,0,0
636015611,0,0,0
351246000,0,0,0
431602153,0,0,0
372522000,0,0,0
431000326,0,0,0
538003221,0,0,0
354464000,0,0,0
431501706,0,1,0
355708000,0,0,0
431004022,0,0,0
636012069,0,0,0
431600252,0,0,0
431001288,0,0,0
431000687,0,0,0
353465000,0,0,0
431000479,0,0,0
431500784,0,0,0
431003458,0,1,0
538005491,0,0,0
431100325,0,0,0
441036000,0,0,0
431100922,0,0,0
431501723,1,0,40912
431000355,0,0,0
431400063,0,1,0
235089789,0,0,0
440072000,0,0,0
538005856,0,0,0
354077000,0,0,0
431005527,0,2,0
431500058,0,1,0
431036000,0,3,0
431300334,0,1,0
372609000,0,0,0
370441000,0,0,0
529138000,0,0,0
431501886,0,0,0
311019100,0,0,0
266261000,0,0,0
431006000,0,0,0
305354000,0,0,0
431700585,0,0,0
431401993,0,0,0
441447000,0,0,0
372827000,0,0,0
431000263,0,1,0
431401796,0,1,0
431003614,0,0,0
477767500,0,0,0
431001837,0,0,0
431300458,0,0,0
431000875,0,3,0
356626000,0,0,0
440970000,0,0,0
431000823,0,0,0
431005666,0,4,0
636010544,0,0,0
431101175,0,0,0
431301428,0,3,0
431000828,0,0,0
351593000,0,0,0
356809000,0,0,0
339300770,0,0,0
441107000,0,0,0
514122000,0,0,0
431005428,0,0,0
431600182,0,0,0
431100939,0,1,0
431000976,0,0,0
432812000,0,1,0
431300221,0,0,0
431002799,0,0,0
431301612,2,1,40913
431003941,0,2,0
432667000,0,0,0
566624000,0,0,0
477241600,0,0,0
235080906,0,0,0
440032000,0,0,0
431005055,0,0,0
431101054,0,1,0
431300084,0,0,0
432340000,0,0,0
431500761,2,3,40912
370508000,0,0,0
538006256,0,0,0
431006179,0,1,0
431006474,0,1,0
304788000,0,0,0
441178000,0,15,0
515838000,0,6,0
370220000,0,9,0
548845000,0,10,0
538003535,0,3,0
431400389,0,2,0
431500789,0,0,0
431100297,0,2,0
431100109,1,2,40912
431501856,0,4,0
440037000,0,0,0
431401272,0,0,0
309806000,0,0,0
431400282,0,0,0
431602206,1,10,40912
353618000,0,0,0
440056000,0,9,0
431400325,0,7,0
477105800,0,0,0
431001006,0,1,0
431400515,0,4,0
431500465,0,0,0
431100332,0,0,0
477423800,0,0,0
305900000,0,0,0
352236000,0,0,0
431500427,0,0,0
431001416,0,0,0
567408000,0,8,0
431004247,0,3,0
431005138,0,1,0
431006606,0,2,0
431100005,0,6,0
431400344,0,7,0
311655000,0,1,0
246766000,0,0,0
431001374,0,4,0
564902000,0,0,0
247109000,0,0,0
311935000,0,0,0
431003715,0,0,0
431600932,0,0,0
477612900,0,13,0
431000767,0,10,0
431601243,1,4,40912
431402001,0,4,0
431501666,0,5,0
431000731,0,1,0
431002022,0,7,0
440098000,0,0,0
431575000,0,0,0
636091420,0,0,0
431003033,0,0,0
431004901,0,0,0
371877000,0,4,0
431501735,0,4,0
431500344,1,7,40912
431401987,1,8,40912
431602343,0,7,0
431003159,0,0,0
431301018,0,2,0
440337000,0,10,0
431501748,0,0,0
538003274,0,0,0
319013600,0,0,0
431600422,0,0,0
431000581,0,1,0
431005211,0,0,0
210296000,0,6,0
431501816,1,9,40912
431005422,0,3,0
431501664,0,0,0
431004794,0,6,0
441773000,0,4,0
431600477,0,0,0
564619000,0,0,0
431004684,0,1,0
356665000,0,4,0
431600499,0,6,0
354218000,0,3,0
431306000,0,5,0
431000851,0,9,0
431301565,0,9,0
441828000,0,9,0
431301648,1,12,40912
477024800,0,7,0
431006292,0,0,0
431500394,0,0,0
431005249,0,1,0
431005676,0,0,0
431401954,0,1,0
431004777,0,0,0
440773000,0,0,0
533937000,0,0,0
477095200,0,0,0
370105000,0,4,0
566535000,0,4,0
431006227,0,1,0
431501765,0,3,0
431005008,0,4,0
431501487,0,2,0
431004059,0,0,0
431400039,2,9,40912
431000523,0,1,0
266259000,0,0,0
431500955,1,2,40912
372765000,0,0,0
355342000,0,0,0
373672000,0,0,0
431501839,0,3,0
373338000,0,0,0
431200647,0,0,0
431301574,0,1,0
370552000,0,2,0
440497000,0,1,0
431000306,0,0,0
431003635,0,7,0
431300108,0,0,0
431003074,0,5,0
431004338,0,3,0
431500077,0,0,0
636091384,0,0,0
354797000,0,0,0
309972000,0,0,0
515321000,0,0,0
565096000,0,0,0
432970000,0,4,0
441599000,0,2,0
431004606,0,2,0
432734000,0,0,0
209611000,0,0,0
441601000,0,0,0
431005691,0,1,0
431003911,0,0,0
431500239,0,0,0
431500007,0,0,0
431501855,0,0,0
354117000,0,0,0
413329850,0,0,0
514419000,0,0,0
351868000,0,0,0
353510000,0,6,0
431400486,1,8,40913
431002865,0,6,0
431402036,0,6,0
431402043,0,4,0
431002283,0,0,0
431400539,0,0,0
431005534,0,0,0
431000864,0,0,0
431400446,0,4,0
441571000,0,1,0
440403000,0,0,0
356468000,0,0,0
247190800,0,0,0
352768000,0,0,0
636016248,0,0,0
373734000,0,0,0
311010400,0,2,0
370795000,0,0,0
477014200,0,0,0
440945000,0,0,0
431002068,0,0,0
431006666,0,2,0
431600086,0,7,0
431002547,0,0,0
352641000,0,0,0
548885000,0,0,0
371595000,0,0,0
432974000,0,0,0
477936500,0,0,0
440824000,0,0,0
371756000,0,0,0
373372000,0,0,0
305484000,0,0,0
441185000,0,0,0
312950000,0,3,0
431501701,0,0,0
431600894,1,0,40912
431001151,0,4,0
431401318,0,8,0
431005056,0,18,0
431300705,1,15,40912
353250000,0,1,0
431501732,0,0,0
477282900,0,0,0
515799000,0,0,0
440718000,0,0,0
440077000,0,0,0
431004193,0,17,0
431401857,0,16,0
431001343,0,8,0
431000903,0,0,0
440861000,0,1,0
431004753,0,0,0
636015819,0,0,0
431000776,0,3,0
431400239,0,17,0
311703000,0,12,0
431001014,0,13,0
431003459,0,7,0
431004494,0,9,0
431100283,0,10,0
431392000,0,16,0
431600411,0,12,0
431000706,0,7,0
431501293,0,8,0
441379000,0,0,0
431001045,0,0,0
538005870,0,0,0
352438000,0,0,0
566857000,0,0,0
431005238,0,0,0
431004095,0,14,0
636013286,0,23,0
431000691,0,16,0
431300188,0,13,0
372180000,0,1,0
431001427,0,15,0
431006123,0,2,0
431300167,1,15,40913
431501858,0,4,0
431602168,0,6,0
431301679,0,8,0
431000331,1,11,40912
431501779,0,7,0
432528000,0,12,0
431501813,0,0,0
431005921,0,0,0
514228000,0,0,0
431602207,0,0,0
229265000,0,0,0
636090899,0,0,0
373187000,0,0,0
431004885,0,8,0
431301674,0,11,0
431003628,0,0,0
477203300,0,0,0
431800677,0,0,0
565963000,0,0,0
477982500,0,0,0
440080000,0,0,0
538004678,0,0,0
441017000,0,0,0
477855900,0,0,0
440144280,0,0,0
431002983,0,0,0
431004129,0,6,0
431301595,0,6,0
431003205,1,9,40912
431300775,0,15,0
431500541,0,0,0
431005951,0,0,0
373540000,0,0,0
356443000,0,0,0
566491000,0,0,0
440054000,0,11,0
431000981,0,10,0
431006014,0,13,0
431100886,0,10,0
431501603,1,16,40913
209371000,0,0,0
565677000,0,0,0
441781000,0,0,0
357502000,0,17,0
431000406,2,18,40911
431501698,0,8,0
431000963,0,20,0
431001086,0,21,0
431001826,0,0,0
431005107,0,0,0
440484000,0,0,0
440013000,0,0,0
538005672,0,0,0
477076500,0,0,0
431004341,0,7,0
431601396,0,0,0
636092200,0,20,0
413376690,1,11,40913
431401899,0,17,0
431300717,1,15,40913
432702000,0,19,0
431004661,0,14,0
431000938,0,4,0
431300284,0,0,0
431200187,0,0,0
441737000,0,0,0
636016673,0,0,0
431005639,0,3,0
431402072,0,5,0
431501727,1,11,40913
431500304,0,11,0
431501479,0,0,0
431003903,0,0,0
477036500,0,1,0
354211000,0,0,0
372041000,0,0,0
309459000,0,0,0
477325500,0,0,0
431001357,0,5,0
431300014,2,12,40912
431301812,0,14,0
431400593,0,0,0
431301698,0,0,0
441978000,0,0,0
211343310,0,0,0
477881900,0,0,0
440368000,0,0,0
431500212,0,0,0
431300131,0,5,0
431000443,0,12,0
431500535,0,2,0
440109000,0,2,0
431500862,0,0,0
477070400,0,0,0
432255000,0,0,0
431100878,0,0,0
431301641,0,15,0
441906000,0,1,0
431401905,0,16,0
431002504,0,10,0
209075000,0,5,0
431005547,0,11,0
431601987,1,10,40913
441371000,0,11,0
431002935,1,5,40912
431002584,0,0,0
431697000,0,0,0
431500458,0,0,0
413456130,0,0,0
353987000,0,0,0
373970000,0,0,0
372025000,0,0,0
372125000,0,0,0
432808000,0,0,0
413630090,0,0,0
431402056,0,5,0
431000252,0,5,0
431300411,0,10,0
353861000,0,14,0
431400418,1,15,40911
431400422,0,8,0
353645000,1,12,40913
431200271,0,12,0
431100682,0,10,0
477089200,2,11,40913
431004397,0,7,0
431002092,0,14,0
431401953,0,9,0
431402073,0,8,0
431003556,0,9,0
514869000,0,0,0
431401051,0,5,0
999999991,0,5,0
431004083,0,0,0
477335600,0,1,0
565555000,0,0,0
431005341,0,0,0
477767600,0,9,0
431200705,0,5,0
351223000,0,0,0
312524000,0,1,0
305126000,0,0,0
432921000,0,0,0
441707000,0,0,0
372607000,0,0,0
538005912,0,0,0
431500186,1,6,40913
356985000,1,6,40912
373394000,0,4,0
431500189,0,0,0
636013624,0,0,0
311351000,0,6,0
431300697,0,0,0
431003928,0,2,0
431300759,0,0,0
431000859,0,0,0
431005246,0,0,0
431100311,0,3,0
235096684,0,0,0
352713000,0,0,0
431400476,0,5,0
431300454,0,0,0
440978000,0,6,0
371111000,1,6,40912
431200683,0,6,0
432342000,0,0,0
431400824,0,0,0
431600641,0,8,0
477066700,0,0,0
414759000,0,0,0
441677000,0,2,0
431000323,0,0,0
440615000,0,2,0
431005623,0,3,0
431004586,0,3,0
431000376,0,0,0
431004876,0,0,0
431100221,0,0,0
431000299,0,3,0
566340000,0,0,0
431400179,0,9,0
999999990,5,9,40912
636015465,0,0,0
431000932,0,2,0
431000913,0,2,0
431100026,0,1,0
431500011,0,3,0
431000301,0,1,0
431004372,0,0,0
431301547,0,0,0
431401808,0,0,0
431601219,0,0,0
356789000,0,0,0
441996000,0,0,0
441067000,0,0,0
240413000,0,0,0
355224000,0,0,0
431501271,0,0,0
431004154,0,2,0
431006013,0,3,0
431500624,0,0,0
431000527,0,0,0
431101165,0,0,0
431005439,0,0,0
431500615,0,0,0
431003739,0,0,0
431004252,0,4,0
431100348,0,5,0
431401974,0,3,0
431100316,0,8,0
431002151,0,8,0
431600647,0,6,0
431000943,0,2,0
431000609,0,4,0
441872000,0,2,0
431501802,0,9,0
357980000,0,13,0
477698700,0,0,0
440114490,0,0,0
431100966,0,0,0
431004666,0,0,0
352253000,2,5,40913
431301714,2,4,40913
431002213,0,0,0
431200355,0,0,0
431003032,0,0,0
431401999,0,7,0
431602283,0,9,0
431200693,0,0,0
372857000,0,0,0
431446000,0,2,0
431006685,0,0,0
440253000,1,4,40912
431000457,0,0,0
431401957,0,0,0
431000162,0,1,0
440856000,0,0,0
677057400,0,0,0
431003752,0,1,0
431400622,0,1,0
431300271,0,0,0
431000676,0,3,0
431500599,0,5,0
431003751,0,4,0
431100477,0,1,0
441729000,0,0,0
440310510,0,0,0
636015248,0,0,0
431602232,0,0,0
441709000,0,1,0
431301768,0,1,0
431001328,0,7,0
431005241,0,6,0
431600751,0,5,0
431003024,0,10,0
565887000,0,0,0
431501768,0,0,0
372800000,0,3,0
477242600,0,3,0
370014000,0,0,0
431500103,0,2,0
431001111,0,5,0
353188000,0,0,0
355723000,0,0,0
441163000,0,1,0
431004325,0,0,0
431800616,0,5,0
431402007,0,9,0
373546000,0,0,0
431006523,0,8,0
431000395,0,11,0
441717000,0,12,0
431501753,0,0,0
440280000,0,0,0
566264000,0,0,0
636013612,0,0,0
431402014,0,9,0
431501764,0,8,0
431401985,0,2,0
269023000,0,0,0
355649000,0,0,0
440024000,0,2,0
441772000,0,2,0
431003364,0,0,0
312323000,0,3,0
431000336,0,8,0
564125000,0,0,0
355548000,0,0,0
211779000,0,0,0
440205000,0,0,0
440059000,0,0,0
431003187,0,1,0
431400074,1,10,40912
477749200,0,13,0
999999992,8,13,40913
431000709,0,3,0
431003537,1,5,40912
431401017,0,0,0
431001401,0,2,0
440101990,0,0,0
440144200,0,0,0
355428000,0,0,0
431006012,0,0,0
431002923,0,7,0
431301639,0,8,0
431100522,0,0,0
431000528,0,1,0
431001342,0,1,0
431000529,0,2,0
431301101,0,1,0
440040000,0,0,0
431000661,0,9,0
354359000,0,5,0
431003365,0,1,0
431401837,0,1,0
431500526,0,0,0
431000590,0,0,0
431006557,0,0,0
210751000,0,0,0
431169000,0,2,0
431401925,0,1,0
431000392,0,1,0
354459000,0,0,0
477061000,0,0,0
441545000,0,0,0
431100033,0,0,0
215381000,0,0,0
431501749,0,0,0
440109590,0,0,0
218366000,0,0,0
441998000,0,0,0
431005484,1,7,40912
431001112,0,0,0
432558000,0,0,0
566894000,0,0,0
305689000,0,2,0
312808000,0,0,0
441199000,0,0,0
370854000,0,0,0
431000132,0,0,0
431004824,0,5,0
477013800,0,0,0
441831000,0,0,0
431336000,2,10,40912
431005236,0,1,0
357461000,0,0,0
431005553,0,0,0
538005309,0,0,0
477257100,0,0,0
372444000,0,1,0
431100957,0,3,0
431004221,0,0,0
431101012,0,0,0
440127660,0,0,0
431005349,0,0,0
357864000,2,7,40912
440102110,0,0,0
413158000,0,0,0
312369000,0,0,0
431000654,0,3,0
431005248,1,14,40911
431100859,0,5,0
354533000,0,0,0
441175000,0,0,0
431100948,0,1,0
374141000,0,0,0
431400482,0,13,0
431005338,1,6,40912
431100408,0,4,0
431300582,1,10,40911
441754000,0,0,0
357786000,0,0,0
565088000,0,0,0
441428000,0,0,0
431001931,0,6,0
431002607,0,12,0
431601949,0,5,0
431003355,1,11,40912
431401715,0,6,0
440301000,0,0,0
432908000,0,0,0
355464000,0,0,0
351270000,0,0,0
440251000,0,0,0
441638000,0,0,0
354160000,0,1,0
431005927,0,3,0
440107900,0,0,0
374721000,0,0,0
431100403,0,5,0
431501644,0,1,0
352553000,0,0,0
566772000,0,0,0
354314000,0,0,0
538006307,0,0,0
432396000,0,0,0
431000486,0,0,0
431602174,0,1,0
431501692,0,0,0
431401964,0,0,0
431000707,0,2,0
431000384,0,3,0
431000572,0,3,0
431800699,0,1,0
220521000,0,0,0
431200166,0,0,0
431301213,0,1,0
441743000,0,0,0
431000218,0,3,0
431200632,0,1,0
431401143,0,0,0
431301604,0,0,0
431004956,0,1,0
431004648,0,0,0
431602146,0,0,0
477595400,0,0,0
371613000,0,0,0
372106000,0,0,0
370738000,0,0,0
431100372,0,0,0
563509000,0,0,0
514336000,0,0,0
351664000,0,0,0
441826000,0,0,0
431500144,0,0,0
209856000,0,0,0
431005402,0,0,0
431005234,0,0,0
538003767,0,0,0
235554000,0,0,0
431800405,0,0,0
440023000,0,0,0
431301542,0,0,0
431501863,0,0,0
357173000,0,0,0
431000332,0,0,0
477400900,0,0,0
356481000,0,0,0
431001040,0,0,0
431401856,0,0,0
431203000,0,0,0
353101000,0,0,0
309838000,0,0,0
431004858,0,0,0
538006353,0,0,0
431003651,0,0,0
477107200,0,0,0
431000592,0,0,0
431301103,0,0,0
441964000,0,0,0
431175000,0,0,0
431200688,0,0,0
431000622,0,0,0
431602302,0,0,0
432545000,0,0,0
515211000,0,0,0
431000923,0,0,0
431101164,0,0,0
431500785,0,0,0
431005903,0,0,0
431400345,0,0,0
431400651,0,0,0
431003404,0,0,0
431500654,0,0,0
431005858,0,0,0
431501857,0,0,0
212500000,0,0,0
431005655,0,0,0
431000848,0,0,0
515767000,0,0,0
431602315,0,0,0
431000926,0,0,0
431001002,0,0,0
432584000,0,0,0
440303000,0,0,0
431001757,0,0,0
309881000,0,0,0
538003999,0,0,0
273347430,0,0,0
431800070,0,0,0
431001493,0,0,0
431300159,0,0,0
431501685,0,0,0
356171000,0,0,0
431004228,0,0,0
431501639,0,0,0
431300325,0,0,0
431501702,0,0,0
312225000,0,0,0
431101139,0,0,0
431200143,0,0,0
431501745,0,1,0
431101024,0,0,0
431500404,0,0,0
431001258,0,1,0
515426000,0,0,0
354869000,0,0,0
431003181,0,1,0
431000639,1,1,40912
431004005,0,0,0
431000275,0,1,0
431000136,0,0,0
431600258,0,0,0
431600889,0,0,0
370394000,0,0,0
431200673,0,0,0
431400118,0,0,0
431800050,0,0,0
431602142,0,0,0
431402047,0,0,0
538004759,0,0,0
354470000,0,0,0
432978000,0,0,0
431001206,0,0,0
431300595,0,0,0
431200176,0,0,0
431301606,0,0,0
431000269,0,0,0
431501739,0,0,0
431100906,0,0,0
431000147,0,0,0
352759000,0,0,0
431501632,0,0,0
431005083,0,0,0
431501837,0,0,0
431400216,0,0,0
431300795,0,0,0
431001353,0,0,0
431005242,0,0,0
431100231,0,0,0
431003177,0,0,0
431500501,0,0,0
431301747,0,0,0
431300401,0,0,0
431200655,0,0,0
431800709,0,0,0
431400732,0,0,0
431800850,0,0,0
441192000,0,0,0
431201130,0,0,0
431000876,0,0,0
636015227,0,0,0
431100182,0,0,0
431005182,0,0,0
431100194,0,0,0
431003435,0,0,0
431004622,0,0,0
431800044,0,0,0
515495000,0,0,0
431100945,0,0,0
431100987,0,0,0
431301453,0,0,0
431000339,0,0,0
431101177,0,0,0
431005263,0,0,0
431005364,0,0,0
431002295,0,0,0
431100125,0,0,0
431000234,0,0,0
256075000,0,0,0
431000792,0,0,0
431402032,0,0,0
441890000,0,0,0
431300185,0,0,0
356613000,0,0,0
352751000,0,0,0
431006385,0,0,0
441664000,0,0,0
431400637,0,0,0
431919000,0,0,0
431800597,0,0,0
235335000,0,0,0
477229700,1,0,40912
351854000,0,0,0
372405000,0,0,0
538005673,0,0,0
431800596,0,0,0
440331000,0,0,0
538002013,0,0,0
357244000,0,0,0
431003381,0,0,0
354778000,0,0,0
373880000,0,0,0
431500148,0,0,0
372043000,0,0,0
353620000,0,0,0
431602112,0,0,0
477390100,0,0,0
477466400,0,0,0
431003344,0,0,0
431006332,0,0,0
247242300,0,0,0
477108800,0,0,0
431004884,0,0,0
371372000,0,0,0
431100123,0,0,0
370458000,0,0,0
212348000,0,0,0
312293000,0,0,0
431500021,0,0,0
431004377,0,0,0
563735000,0,0,0
431002386,0,0,0
431400945,0,0,0
431301772,0,0,0
432879000,0,0,0
229988000,0,0,0
210435000,0,0,0
431004115,0,0,0
370097000,0,0,0
431800389,0,0,0
431004506,0,0,0
431300354,0,0,0
431600674,0,0,0
431501827,0,0,0
431501738,0,0,0
431003671,0,0,0
431100969,0,0,0
431700169,0,0,0
354162000,0,0,0
432341000,0,0,0
273358410,0,0,0
566389000,0,0,0
355123000,0,0,0
355406000,0,0,0
477524400,0,0,0
431301735,0,0,0
371799000,0,0,0
567483000,0,0,0
515130000,0,0,0
431600379,0,0,0
636091813,0,0,0
273140700,0,0,0
312218000,0,0,0
256300000,0,0,0
273354620,0,0,0
636014648,0,0,0
273253100,0,0,0
372364000,0,0,0
256033000,0,0,0
413090000,0,0,0
374639000,0,0,0
413182000,0,0,0
356424000,0,0,0
372264000,0,0,0
563632000,0,0,0
624016000,0,0,0
352631000,0,0,0
441970000,0,0,0
440688000,0,0,0
248134000,0,0,0
477641700,0,0,0
477942700,0,0,0
373229000,0,0,0
538004928,0,0,0
432892000,0,0,0
441500000,0,0,0
351472000,0,0,0
311000267,0,0,0
372534000,0,0,0
574252000,0,0,0
538005679,0,0,0
538005348,0,0,0
351863000,0,0,0
412008000,0,0,0
371842000,0,0,0
372148000,0,0,0
229441000,0,0,0
441641000,0,0,0
356006000,0,0,0
414114000,0,0,0
567317000,0,0,0
563872000,0,0,0
229524000,0,0,0
431005942,0,0,0
564565000,0,0,0
565425000,0,0,0
636011255,0,0,0
311000104,0,0,0
431000991,0,0,0
431602332,0,0,0
351796000,0,0,0
538006277,0,0,0
477390900,0,0,0
431501867,0,0,0
312535000,0,0,0
477024900,0,0,0
354342000,0,0,0
431400942,0,0,0
354813000,0,0,0
351282000,0,0,0
431400317,0,0,0
431501488,0,0,0
354316000,0,0,0
548843000,0,0,0
431005074,0,0,0
431501694,0,0,0
431700018,0,0,0
432596000,0,0,0
431600334,0,0,0
431000816,0,0,0
431501862,0,0,0
431401097,0,1,0
441952000,0,0,0
372445000,0,0,0
412104000,0,1,0
431006244,0,2,0
431006223,0,10,0
371140000,0,0,0
515811000,0,0,0
431001052,0,0,0
538004372,0,6,0
431000346,1,16,40913
431401877,0,14,0
431004474,0,0,0
515308000,0,0,0
431004475,0,2,0
431000563,0,0,0
431000627,0,0,0
431000782,0,0,0
431101145,0,0,0
431300829,2,9,40913
431000584,0,0,0
431005916,0,5,0
431000458,0,5,0
306338000,0,0,0
373727000,0,0,0
636092103,0,0,0
514245000,0,0,0
431005772,0,0,0
563250000,0,0,0
210565000,0,0,0
441518000,0,0,0
431003481,0,4,0
431001049,0,0,0
432563000,0,0,0
431000139,0,2,0
636015539,0,0,0
355596000,0,0,0
304848000,0,0,0
441533000,0,0,0
366102000,0,0,0
441782000,0,1,0
212072000,0,1,0
431001012,0,1,0
370577000,0,1,0
440906000,0,0,0
255805567,0,0,0
229557000,0,0,0
440349000,0,0,0
477943000,0,0,0
477020200,0,0,0
440567000,0,0,0
235098563,0,0,0
431001051,0,0,0
441862000,0,0,0
441973000,0,0,0
431301736,0,0,0
477444600,0,0,0
309037000,0,0,0
431005867,0,0,0
431500572,0,0,0
431500382,0,0,0
431101016,0,0,0
431501838,0,0,0
477003800,0,0,0
431101148,0,0,0
431400046,0,0,0
538004089,0,0,0
273356070,0,0,0
273443400,0,0,0
677053000,0,0,0
565524000,0,0,0
548415000,0,0,0
566752000,0,0,0
353261000,0,0,0
566881000,0,0,0
477737200,0,0,0
416448000,0,0,0
371401000,0,0,0
353969000,0,0,0
636015015,0,0,0
416426000,0,0,0
636014194,0,0,0
431000482,0,0,0
431006706,0,0,0
431004261,0,0,0
431000804,0,0,0
477219400,0,0,0
351701000,0,0,0
538005906,0,0,0
565157000,0,0,0
667003449,0,0,0
311000135,0,0,0
353534000,0,0,0
515185000,0,0,0
432953000,0,0,0
441366000,0,0,0
431100978,0,1,0
431004977,0,0,0
431000214,0,0,0
431401978,0,0,0
235072407,0,0,0
413375810,0,0,0
353225000,0,1,0
354237000,0,0,0
440232000,0,0,0
355330000,0,0,0
667003420,0,0,0
431301752,0,0,0
515568000,0,0,0
431500583,0,0,0
431400631,0,0,0
431501801,0,0,0
431501754,0,0,0
355395000,0,0,0
431000915,0,0,0
259712000,0,0,0
440147330,0,0,0
412377210,0,0,0
564404000,0,0,0
431006084,0,0,0
431003496,0,0,0
514286000,0,0,0
431500352,0,0,0
431501662,0,0,0
431602076,0,0,0
431401807,0,0,0
431600204,0,0,0
356717000,0,0,0
431200133,0,0,0
356405000,0,0,0
431501618,0,0,0
431800262,0,0,0
273330710,0,0,0
